"Longitude (x)","Latitude (y)","Station Name","Climate ID","Date/Time","Year","Month","Day","Data Quality","Max Temp (°C)","Max Temp Flag","Min Temp (°C)","Min Temp Flag","Mean Temp (°C)","Mean Temp Flag","Heat Deg Days (°C)","Heat Deg Days Flag","Cool Deg Days (°C)","Cool Deg Days Flag","Total Rain (mm)","Total Rain Flag","Total Snow (cm)","Total Snow Flag","Total Precip (mm)","Total Precip Flag","Snow on Grnd (cm)","Snow on Grnd Flag","Dir of Max Gust (10s deg)","Dir of Max Gust Flag","Spd of Max Gust (km/h)","Spd of Max Gust Flag"
"-105.14","69.11","CAMBRIDGE BAY A","2400600","1994-01-01","1994","01","01","","-30.1","","-35.0","","-32.6","","50.6","","0.0","","0.0","","0.6","","0.6","","18","","","","<31",""
"-105.14","69.11","CAMBRIDGE BAY A","2400600","1994-01-02","1994","01","02","","-32.3","","-40.4","","-36.4","","54.4","","0.0","","0.0","","0.0","T","0.0","T","17","","","","<31",""
"-105.14","69.11","CAMBRIDGE BAY A","2400600","1994-01-03","1994","01","03","","-34.6","","-40.1","","-37.4","","55.4","","0.0","","0.0","","0.0","T","0.0","T","17","","27","","32","E"
"-105.14","69.11","CAMBRIDGE BAY A","2400600","1994-01-04","1994","01","04","","-28.3","","-35.1","","-31.7","","49.7","","0.0","","0.0","","0.0","T","0.0","T","17","","26","","43","E"
"-105.14","69.11","CAMBRIDGE BAY A","2400600","1994-01-05","1994","01","05","","-27.2","","-38.7","","-33.0","","51.0","","0.0","","0.0","","0.2","","0.2","","17","","","","<31",""
"-105.14","69.11","CAMBRIDGE BAY A","2400600","1994-01-06","1994","01","06","","-36.2","","-40.1","","-38.2","","56.2","","0.0","","0.0","","0.0","T","0.0","T","17","","","","<31",""
"-105.14","69.11","CAMBRIDGE BAY A","2400600","1994-01-07","1994","01","07","","-29.5","","-36.5","","-33.0","","51.0","","0.0","","0.0","","1.4","","1.2","","17","","","","<31",""
"-105.14","69.11","CAMBRIDGE BAY A","2400600","1994-01-08","1994","01","08","","-29.9","","-36.4","","-33.2","","51.2","","0.0","","0.0","","0.0","T","0.0","T","18","","","","<31",""
"-105.14","69.11","CAMBRIDGE BAY A","2400600","1994-01-09","1994","01","09","","-32.5","","-38.4","","-35.5","","53.5","","0.0","","0.0","","0.4","","0.4","","18","","","","<31",""
"-105.14","69.11","CAMBRIDGE BAY A","2400600","1994-01-10","1994","01","10","","-35.5","","-39.9","","-37.7","","55.7","","0.0","","0.0","","0.0","T","0.0","T","17","","","","<31",""
"-105.14","69.11","CAMBRIDGE BAY A","2400600","1994-01-11","1994","01","11","","-35.8","","-40.5","","-38.2","","56.2","","0.0","","0.0","","0.0","T","0.0","T","17","","32","","46","E"
"-105.14","69.11","CAMBRIDGE BAY A","2400600","1994-01-12","1994","01","12","","-29.0","","-37.3","","-33.2","","51.2","","0.0","","0.0","","0.0","T","0.0","T","17","","35","","41","E"
"-105.14","69.11","CAMBRIDGE BAY A","2400600","1994-01-13","1994","01","13","","-31.7","","-37.1","","-34.4","","52.4","","0.0","","0.0","","0.0","T","0.0","T","17","","","","<31",""
"-105.14","69.11","CAMBRIDGE BAY A","2400600","1994-01-14","1994","01","14","","-35.2","","-40.3","","-37.8","","55.8","","0.0","","0.0","","0.0","T","0.0","T","17","","","","<31",""
"-105.14","69.11","CAMBRIDGE BAY A","2400600","1994-01-15","1994","01","15","","-35.3","","-40.6","","-38.0","","56.0","","0.0","","0.0","","0.0","T","0.0","T","17","","","","<31",""
"-105.14","69.11","CAMBRIDGE BAY A","2400600","1994-01-16","1994","01","16","","-34.9","","-39.8","","-37.4","","55.4","","0.0","","0.0","","0.0","T","0.0","T","22","","","","<31",""
"-105.14","69.11","CAMBRIDGE BAY A","2400600","1994-01-17","1994","01","17","","-22.8","","-37.0","","-29.9","","47.9","","0.0","","0.0","","0.0","T","0.0","T","22","","1","","44","E"
"-105.14","69.11","CAMBRIDGE BAY A","2400600","1994-01-18","1994","01","18","","-24.3","","-32.5","","-28.4","","46.4","","0.0","","0.0","","0.0","T","0.0","T","22","","32","","44","E"
"-105.14","69.11","CAMBRIDGE BAY A","2400600","1994-01-19","1994","01","19","","-29.0","","-35.4","","-32.2","","50.2","","0.0","","0.0","","0.0","T","0.0","T","22","","31","","32","E"
"-105.14","69.11","CAMBRIDGE BAY A","2400600","1994-01-20","1994","01","20","","-33.0","","-38.6","","-35.8","","53.8","","0.0","","0.0","","0.0","T","0.0","T","22","","31","","57","E"
"-105.14","69.11","CAMBRIDGE BAY A","2400600","1994-01-21","1994","01","21","","-33.6","","-37.3","","-35.5","","53.5","","0.0","","0.0","","0.0","T","0.0","T","22","","32","","46","E"
"-105.14","69.11","CAMBRIDGE BAY A","2400600","1994-01-22","1994","01","22","","-37.0","","-40.6","","-38.8","","56.8","","0.0","","0.0","","0.0","T","0.0","T","22","","","","<31",""
"-105.14","69.11","CAMBRIDGE BAY A","2400600","1994-01-23","1994","01","23","","-36.1","","-40.0","","-38.1","","56.1","","0.0","","0.0","","0.0","T","0.0","T","22","","","","<31",""
"-105.14","69.11","CAMBRIDGE BAY A","2400600","1994-01-24","1994","01","24","","-36.8","","-39.8","","-38.3","","56.3","","0.0","","0.0","","0.0","T","0.0","T","20","","","","<31",""
"-105.14","69.11","CAMBRIDGE BAY A","2400600","1994-01-25","1994","01","25","","-35.0","","-39.0","","-37.0","","55.0","","0.0","","0.0","","0.0","T","0.0","T","20","","","","<31",""
"-105.14","69.11","CAMBRIDGE BAY A","2400600","1994-01-26","1994","01","26","","-35.7","","-38.6","","-37.2","","55.2","","0.0","","0.0","","0.0","T","0.0","T","20","","","","<31",""
"-105.14","69.11","CAMBRIDGE BAY A","2400600","1994-01-27","1994","01","27","","-35.3","","-39.0","","-37.2","","55.2","","0.0","","0.0","","0.0","T","0.0","T","20","","","","<31",""
"-105.14","69.11","CAMBRIDGE BAY A","2400600","1994-01-28","1994","01","28","","-23.4","","-38.0","","-30.7","","48.7","","0.0","","0.0","","0.2","","0.2","","20","","","","<31",""
"-105.14","69.11","CAMBRIDGE BAY A","2400600","1994-01-29","1994","01","29","","-21.3","","-33.7","","-27.5","","45.5","","0.0","","0.0","","0.0","T","0.0","T","20","","32","","46","E"
"-105.14","69.11","CAMBRIDGE BAY A","2400600","1994-01-30","1994","01","30","","-32.5","","-35.6","","-34.1","","52.1","","0.0","","0.0","","0.0","T","0.0","T","20","","33","","33","E"
"-105.14","69.11","CAMBRIDGE BAY A","2400600","1994-01-31","1994","01","31","","-25.9","","-33.3","","-29.6","","47.6","","0.0","","0.0","","0.0","T","0.0","T","20","","32","","43","E"
"-105.14","69.11","CAMBRIDGE BAY A","2400600","1994-02-01","1994","02","01","","-24.5","","-31.7","","-28.1","","46.1","","0.0","","0.0","","0.0","T","0.0","T","20","","34","","74","E"
"-105.14","69.11","CAMBRIDGE BAY A","2400600","1994-02-02","1994","02","02","","-26.1","","-31.0","","-28.6","","46.6","","0.0","","0.0","","0.0","T","0.0","T","20","","34","","44","E"
"-105.14","69.11","CAMBRIDGE BAY A","2400600","1994-02-03","1994","02","03","","-26.1","","-34.7","","-30.4","","48.4","","0.0","","0.0","","0.0","T","0.0","T","21","","3","","37","E"
"-105.14","69.11","CAMBRIDGE BAY A","2400600","1994-02-04","1994","02","04","","-34.6","","-38.9","","-36.8","","54.8","","0.0","","0.0","","0.0","T","0.0","T","21","","3","","32","E"
"-105.14","69.11","CAMBRIDGE BAY A","2400600","1994-02-05","1994","02","05","","-26.5","","-39.6","","-33.1","","51.1","","0.0","","0.0","","0.2","","0.2","","21","","","","<31",""
"-105.14","69.11","CAMBRIDGE BAY A","2400600","1994-02-06","1994","02","06","","-26.5","","-35.1","","-30.8","","48.8","","0.0","","0.0","","0.0","T","0.0","T","21","","","","<31",""
"-105.14","69.11","CAMBRIDGE BAY A","2400600","1994-02-07","1994","02","07","","-25.5","","-34.1","","-29.8","","47.8","","0.0","","0.0","","0.4","","0.4","","21","","","","<31",""
"-105.14","69.11","CAMBRIDGE BAY A","2400600","1994-02-08","1994","02","08","","-29.0","","-40.0","","-34.5","","52.5","","0.0","","0.0","","0.0","T","0.0","T","21","","","","<31",""
"-105.14","69.11","CAMBRIDGE BAY A","2400600","1994-02-09","1994","02","09","","-28.2","","-40.3","","-34.3","","52.3","","0.0","","0.0","","0.0","T","0.0","T","22","","","","<31",""
"-105.14","69.11","CAMBRIDGE BAY A","2400600","1994-02-10","1994","02","10","","-30.2","","-34.1","","-32.2","","50.2","","0.0","","0.0","","0.0","T","0.0","T","22","","","","<31",""
"-105.14","69.11","CAMBRIDGE BAY A","2400600","1994-02-11","1994","02","11","","-30.4","","-33.4","","-31.9","","49.9","","0.0","","0.0","","0.0","T","0.0","T","22","","","","<31",""
"-105.14","69.11","CAMBRIDGE BAY A","2400600","1994-02-12","1994","02","12","","-29.4","","-33.0","","-31.2","","49.2","","0.0","","0.0","","0.0","T","0.0","T","22","","","","<31",""
"-105.14","69.11","CAMBRIDGE BAY A","2400600","1994-02-13","1994","02","13","","-25.2","","-35.9","","-30.6","","48.6","","0.0","","0.0","","0.0","T","0.0","T","22","","","","<31",""
"-105.14","69.11","CAMBRIDGE BAY A","2400600","1994-02-14","1994","02","14","","-22.9","","-25.5","","-24.2","","42.2","","0.0","","0.0","","0.6","","0.6","","22","","27","","46","E"
"-105.14","69.11","CAMBRIDGE BAY A","2400600","1994-02-15","1994","02","15","","-22.9","","-34.9","","-28.9","","46.9","","0.0","","0.0","","0.2","","0.2","","23","","","","<31",""
"-105.14","69.11","CAMBRIDGE BAY A","2400600","1994-02-16","1994","02","16","","-31.6","","-38.5","","-35.1","","53.1","","0.0","","0.0","","0.8","","0.6","","22","","33","","43","E"
"-105.14","69.11","CAMBRIDGE BAY A","2400600","1994-02-17","1994","02","17","","-33.7","","-37.1","","-35.4","","53.4","","0.0","","0.0","","0.0","T","0.0","T","23","","34","","46","E"
"-105.14","69.11","CAMBRIDGE BAY A","2400600","1994-02-18","1994","02","18","","-35.2","","-38.9","","-37.1","","55.1","","0.0","","0.0","","0.0","T","0.0","T","23","","","","<31",""
"-105.14","69.11","CAMBRIDGE BAY A","2400600","1994-02-19","1994","02","19","","-32.3","","-38.1","","-35.2","","53.2","","0.0","","0.0","","0.0","T","0.0","T","23","","32","","37","E"
"-105.14","69.11","CAMBRIDGE BAY A","2400600","1994-02-20","1994","02","20","","-28.7","","-33.6","","-31.2","","49.2","","0.0","","0.0","","0.2","","0.2","","23","","32","","46","E"
"-105.14","69.11","CAMBRIDGE BAY A","2400600","1994-02-21","1994","02","21","","-24.0","","-34.1","","-29.1","","47.1","","0.0","","0.0","","0.0","","0.0","","23","","33","","46","E"
"-105.14","69.11","CAMBRIDGE BAY A","2400600","1994-02-22","1994","02","22","","-24.0","","-29.1","","-26.6","","44.6","","0.0","","0.0","","0.0","T","0.0","T","23","","32","","50","E"
"-105.14","69.11","CAMBRIDGE BAY A","2400600","1994-02-23","1994","02","23","","-29.0","","-39.4","","-34.2","","52.2","","0.0","","0.0","","0.0","T","0.0","T","23","","","","<31",""
"-105.14","69.11","CAMBRIDGE BAY A","2400600","1994-02-24","1994","02","24","","-37.4","","-40.7","","-39.1","","57.1","","0.0","","0.0","","0.0","T","0.0","T","20","","","","<31",""
"-105.14","69.11","CAMBRIDGE BAY A","2400600","1994-02-25","1994","02","25","","-37.7","","-39.6","","-38.7","","56.7","","0.0","","0.0","","0.0","T","0.0","T","20","","","","<31",""
"-105.14","69.11","CAMBRIDGE BAY A","2400600","1994-02-26","1994","02","26","","-34.8","","-39.3","","-37.1","","55.1","","0.0","","0.0","","0.0","T","0.0","T","20","","26","","37","E"
"-105.14","69.11","CAMBRIDGE BAY A","2400600","1994-02-27","1994","02","27","","-34.1","","-40.5","","-37.3","","55.3","","0.0","","0.0","","0.0","T","0.0","T","20","","","","<31",""
"-105.14","69.11","CAMBRIDGE BAY A","2400600","1994-02-28","1994","02","28","","-38.2","","-41.2","","-39.7","","57.7","","0.0","","0.0","","0.0","T","0.0","T","20","","","","<31",""
"-105.14","69.11","CAMBRIDGE BAY A","2400600","1994-03-01","1994","03","01","","-37.1","","-41.4","","-39.3","","57.3","","0.0","","0.0","","0.0","T","0.0","T","20","","","","<31",""
"-105.14","69.11","CAMBRIDGE BAY A","2400600","1994-03-02","1994","03","02","","-27.7","","-39.0","","-33.4","","51.4","","0.0","","0.0","","0.2","","0.2","","22","","","","<31",""
"-105.14","69.11","CAMBRIDGE BAY A","2400600","1994-03-03","1994","03","03","","-20.9","","-27.8","","-24.4","","42.4","","0.0","","0.0","","1.8","","1.6","","22","","11","E","39","E"
"-105.14","69.11","CAMBRIDGE BAY A","2400600","1994-03-04","1994","03","04","","-15.2","","-22.9","","-19.1","","37.1","","0.0","","0.0","","1.6","","1.4","","24","","13","E","33","E"
"-105.14","69.11","CAMBRIDGE BAY A","2400600","1994-03-05","1994","03","05","","-18.7","","-28.7","","-23.7","","41.7","","0.0","","0.0","","0.2","","0.2","","25","","","","<31",""
"-105.14","69.11","CAMBRIDGE BAY A","2400600","1994-03-06","1994","03","06","","-22.2","","-33.3","","-27.8","","45.8","","0.0","","0.0","","0.4","","0.4","","25","","2","E","69","E"
"-105.14","69.11","CAMBRIDGE BAY A","2400600","1994-03-07","1994","03","07","","-28.1","","-35.6","","-31.9","","49.9","","0.0","","0.0","","0.0","T","0.0","T","25","","29","E","37","E"
"-105.14","69.11","CAMBRIDGE BAY A","2400600","1994-03-08","1994","03","08","","-28.6","","-37.3","","-33.0","","51.0","","0.0","","0.0","","0.0","T","0.0","T","25","","29","E","63","E"
"-105.14","69.11","CAMBRIDGE BAY A","2400600","1994-03-09","1994","03","09","","-31.1","","-36.4","","-33.8","","51.8","","0.0","","0.0","","0.2","","0.2","","25","","32","E","37","E"
"-105.14","69.11","CAMBRIDGE BAY A","2400600","1994-03-10","1994","03","10","","-28.0","","-35.1","","-31.6","","49.6","","0.0","","0.0","","0.2","","0.2","","24","","","","<31",""
"-105.14","69.11","CAMBRIDGE BAY A","2400600","1994-03-11","1994","03","11","","-28.4","","-35.1","","-31.8","","49.8","","0.0","","0.0","","0.0","T","0.0","T","24","","","","<31",""
"-105.14","69.11","CAMBRIDGE BAY A","2400600","1994-03-12","1994","03","12","","-27.0","","-34.2","","-30.6","","48.6","","0.0","","0.0","","0.0","T","0.0","T","24","","7","E","33","E"
"-105.14","69.11","CAMBRIDGE BAY A","2400600","1994-03-13","1994","03","13","","-30.0","","-35.3","","-32.7","","50.7","","0.0","","0.0","","0.0","T","0.0","T","24","","5","E","44","E"
"-105.14","69.11","CAMBRIDGE BAY A","2400600","1994-03-14","1994","03","14","","-19.5","","-37.0","","-28.3","","46.3","","0.0","","0.0","","0.4","","0.2","","24","","13","E","46","E"
"-105.14","69.11","CAMBRIDGE BAY A","2400600","1994-03-15","1994","03","15","","-18.8","","-29.6","","-24.2","","42.2","","0.0","","0.0","","0.0","T","0.0","T","24","","26","E","35","E"
"-105.14","69.11","CAMBRIDGE BAY A","2400600","1994-03-16","1994","03","16","","-26.3","","-32.0","","-29.2","","47.2","","0.0","","0.0","","0.0","T","0.0","T","26","","","","<31",""
"-105.14","69.11","CAMBRIDGE BAY A","2400600","1994-03-17","1994","03","17","","-19.8","","-30.4","","-25.1","","43.1","","0.0","","0.0","","0.6","","0.6","","26","","7","E","65","E"
"-105.14","69.11","CAMBRIDGE BAY A","2400600","1994-03-18","1994","03","18","","-13.8","","-19.9","","-16.9","","34.9","","0.0","","0.0","","1.4","","1.0","","27","","14","E","61","E"
"-105.14","69.11","CAMBRIDGE BAY A","2400600","1994-03-19","1994","03","19","","-18.6","","-28.5","","-23.6","","41.6","","0.0","","0.0","","0.0","T","0.0","T","27","","24","E","32","E"
"-105.14","69.11","CAMBRIDGE BAY A","2400600","1994-03-20","1994","03","20","","-24.3","","-31.6","","-28.0","","46.0","","0.0","","0.0","","0.2","","0.0","T","27","","","","<31",""
"-105.14","69.11","CAMBRIDGE BAY A","2400600","1994-03-21","1994","03","21","","-20.6","","-30.6","","-25.6","","43.6","","0.0","","0.0","","0.4","","0.0","T","27","","31","E","33","E"
"-105.14","69.11","CAMBRIDGE BAY A","2400600","1994-03-22","1994","03","22","","-28.3","","-32.8","","-30.6","","48.6","","0.0","","0.0","","0.0","T","0.0","T","27","","","","<31",""
"-105.14","69.11","CAMBRIDGE BAY A","2400600","1994-03-23","1994","03","23","","-28.9","","-34.6","","-31.8","","49.8","","0.0","","0.0","","0.8","","0.6","","27","","","","<31",""
"-105.14","69.11","CAMBRIDGE BAY A","2400600","1994-03-24","1994","03","24","","-29.0","","-36.0","","-32.5","","50.5","","0.0","","0.0","","0.0","T","0.0","T","24","","","","<31",""
"-105.14","69.11","CAMBRIDGE BAY A","2400600","1994-03-25","1994","03","25","","-28.9","","-36.6","","-32.8","","50.8","","0.0","","0.0","","0.0","T","0.0","T","24","","","","<31",""
"-105.14","69.11","CAMBRIDGE BAY A","2400600","1994-03-26","1994","03","26","","-27.3","","-36.6","","-32.0","","50.0","","0.0","","0.0","","0.0","T","0.0","T","24","","","","<31",""
"-105.14","69.11","CAMBRIDGE BAY A","2400600","1994-03-27","1994","03","27","","-16.6","","-32.0","","-24.3","","42.3","","0.0","","0.0","","0.2","","0.2","","24","","33","E","44","E"
"-105.14","69.11","CAMBRIDGE BAY A","2400600","1994-03-28","1994","03","28","","-11.5","","-26.2","","-18.9","","36.9","","0.0","","0.0","","0.0","T","0.0","T","24","","27","E","50","E"
"-105.14","69.11","CAMBRIDGE BAY A","2400600","1994-03-29","1994","03","29","","-23.9","","-32.9","","-28.4","","46.4","","0.0","","0.0","","0.0","","0.0","","24","","31","E","46","E"
"-105.14","69.11","CAMBRIDGE BAY A","2400600","1994-03-30","1994","03","30","","-23.0","","-32.9","","-28.0","","46.0","","0.0","","0.0","","0.0","T","0.0","T","24","","31","E","48","E"
"-105.14","69.11","CAMBRIDGE BAY A","2400600","1994-03-31","1994","03","31","","-19.7","","-29.5","","-24.6","","42.6","","0.0","","0.0","","0.0","T","0.0","T","24","","","","<31",""
"-105.14","69.11","CAMBRIDGE BAY A","2400600","1994-04-01","1994","04","01","","-15.5","","-24.6","","-20.1","","38.1","","0.0","","0.0","","0.0","T","0.0","T","24","","33","","43","E"
"-105.14","69.11","CAMBRIDGE BAY A","2400600","1994-04-02","1994","04","02","","-20.4","","-28.9","","-24.7","","42.7","","0.0","","0.0","","0.4","","0.4","","31","","34","","57","E"
"-105.14","69.11","CAMBRIDGE BAY A","2400600","1994-04-03","1994","04","03","","-17.7","","-22.5","","-20.1","","38.1","","0.0","","0.0","","0.0","T","0.0","T","31","","34","","70","E"
"-105.14","69.11","CAMBRIDGE BAY A","2400600","1994-04-04","1994","04","04","","-14.1","","-22.3","","-18.2","","36.2","","0.0","","0.0","","0.0","T","0.0","T","31","","35","","70","E"
"-105.14","69.11","CAMBRIDGE BAY A","2400600","1994-04-05","1994","04","05","","-12.7","","-16.4","","-14.6","","32.6","","0.0","","0.0","","1.6","","0.8","","31","","","","<31",""
"-105.14","69.11","CAMBRIDGE BAY A","2400600","1994-04-06","1994","04","06","","-14.6","","-30.6","","-22.6","","40.6","","0.0","","0.0","","0.0","T","0.0","T","33","","3","","35","E"
"-105.14","69.11","CAMBRIDGE BAY A","2400600","1994-04-07","1994","04","07","","-24.7","","-33.4","","-29.1","","47.1","","0.0","","0.0","","0.0","T","0.0","T","33","","","","<31",""
"-105.14","69.11","CAMBRIDGE BAY A","2400600","1994-04-08","1994","04","08","","-24.9","","-34.4","","-29.7","","47.7","","0.0","","0.0","","0.0","T","0.0","T","32","","","","<31",""
"-105.14","69.11","CAMBRIDGE BAY A","2400600","1994-04-09","1994","04","09","","-24.9","","-34.5","","-29.7","","47.7","","0.0","","0.0","","0.0","T","0.0","T","23","","","","<31",""
"-105.14","69.11","CAMBRIDGE BAY A","2400600","1994-04-10","1994","04","10","","-28.1","","-36.4","","-32.3","","50.3","","0.0","","0.0","","0.0","T","0.0","T","23","","","","<31",""
"-105.14","69.11","CAMBRIDGE BAY A","2400600","1994-04-11","1994","04","11","","-26.0","","-36.4","","-31.2","","49.2","","0.0","","0.0","","0.0","T","0.0","T","23","","","","<31",""
"-105.14","69.11","CAMBRIDGE BAY A","2400600","1994-04-12","1994","04","12","","-26.8","","-35.8","","-31.3","","49.3","","0.0","","0.0","","0.0","","0.0","","23","","","","<31",""
"-105.14","69.11","CAMBRIDGE BAY A","2400600","1994-04-13","1994","04","13","","-26.0","","-35.1","","-30.6","","48.6","","0.0","","0.0","","0.0","","0.0","","23","","","","<31",""
"-105.14","69.11","CAMBRIDGE BAY A","2400600","1994-04-14","1994","04","14","","-23.2","","-35.1","","-29.2","","47.2","","0.0","","0.0","","1.0","","1.0","","23","","12","","48","E"
"-105.14","69.11","CAMBRIDGE BAY A","2400600","1994-04-15","1994","04","15","","-22.4","","-27.9","","-25.2","","43.2","","0.0","","0.0","","0.4","","0.4","","24","","12","","44","E"
"-105.14","69.11","CAMBRIDGE BAY A","2400600","1994-04-16","1994","04","16","","-23.1","","-31.9","","-27.5","","45.5","","0.0","","0.0","","0.8","","0.8","","27","","7","","48","E"
"-105.14","69.11","CAMBRIDGE BAY A","2400600","1994-04-17","1994","04","17","","-10.1","","-23.1","","-16.6","","34.6","","0.0","","0.0","","7.8","","7.0","","33","","7","","61","E"
"-105.14","69.11","CAMBRIDGE BAY A","2400600","1994-04-18","1994","04","18","","-13.5","","-23.1","","-18.3","","36.3","","0.0","","0.0","","0.4","","0.4","","35","","","","<31",""
"-105.14","69.11","CAMBRIDGE BAY A","2400600","1994-04-19","1994","04","19","","-16.7","","-23.2","","-20.0","","38.0","","0.0","","0.0","","0.0","","0.0","","35","","31","","50","E"
"-105.14","69.11","CAMBRIDGE BAY A","2400600","1994-04-20","1994","04","20","","-20.3","","-26.9","","-23.6","","41.6","","0.0","","0.0","","0.0","","0.0","","35","","31","","37","E"
"-105.14","69.11","CAMBRIDGE BAY A","2400600","1994-04-21","1994","04","21","","-19.2","","-28.0","","-23.6","","41.6","","0.0","","0.0","","0.0","","0.0","","35","","29","","43","E"
"-105.14","69.11","CAMBRIDGE BAY A","2400600","1994-04-22","1994","04","22","","-17.2","","-27.2","","-22.2","","40.2","","0.0","","0.0","","0.0","","0.0","","35","","","","<31",""
"-105.14","69.11","CAMBRIDGE BAY A","2400600","1994-04-23","1994","04","23","","-13.3","","-25.5","","-19.4","","37.4","","0.0","","0.0","","0.0","T","0.0","T","35","","2","","56","E"
"-105.14","69.11","CAMBRIDGE BAY A","2400600","1994-04-24","1994","04","24","","-14.5","","-20.7","","-17.6","","35.6","","0.0","","0.0","","0.0","T","0.0","T","27","","2","","61","E"
"-105.14","69.11","CAMBRIDGE BAY A","2400600","1994-04-25","1994","04","25","","-12.9","","-19.4","","-16.2","","34.2","","0.0","","0.0","","0.0","T","0.0","T","27","","3","","48","E"
"-105.14","69.11","CAMBRIDGE BAY A","2400600","1994-04-26","1994","04","26","","-11.7","","-21.9","","-16.8","","34.8","","0.0","","0.0","","0.0","T","0.0","T","27","","28","","37","E"
"-105.14","69.11","CAMBRIDGE BAY A","2400600","1994-04-27","1994","04","27","","-8.3","","-18.9","","-13.6","","31.6","","0.0","","0.0","","0.0","","0.0","","27","","29","","33","E"
"-105.14","69.11","CAMBRIDGE BAY A","2400600","1994-04-28","1994","04","28","","-9.1","","-19.6","","-14.4","","32.4","","0.0","","0.0","","0.0","","0.0","","27","","","","<31",""
"-105.14","69.11","CAMBRIDGE BAY A","2400600","1994-04-29","1994","04","29","","-6.4","","-19.4","","-12.9","","30.9","","0.0","","0.0","","0.2","","0.2","","27","","","","<31",""
"-105.14","69.11","CAMBRIDGE BAY A","2400600","1994-04-30","1994","04","30","","-4.7","","-11.8","","-8.3","","26.3","","0.0","","0.0","T","1.8","","1.6","","28","","","","<31",""
"-105.14","69.11","CAMBRIDGE BAY A","2400600","1994-05-01","1994","05","01","","-8.3","","-17.0","","-12.7","","30.7","","0.0","","0.0","","0.0","T","0.0","T","28","","","","<31",""
"-105.14","69.11","CAMBRIDGE BAY A","2400600","1994-05-02","1994","05","02","","-4.6","","-17.7","","-11.2","","29.2","","0.0","","0.0","","0.0","","0.0","","26","","","","<31",""
"-105.14","69.11","CAMBRIDGE BAY A","2400600","1994-05-03","1994","05","03","","-1.9","","-12.1","","-7.0","","25.0","","0.0","","0.0","","0.0","","0.0","","26","","","","<31",""
"-105.14","69.11","CAMBRIDGE BAY A","2400600","1994-05-04","1994","05","04","","-6.1","","-14.3","","-10.2","","28.2","","0.0","","0.0","","0.4","","0.4","","26","","4","","35",""
"-105.14","69.11","CAMBRIDGE BAY A","2400600","1994-05-05","1994","05","05","","-10.3","","-17.7","","-14.0","","32.0","","0.0","","0.0","","0.0","T","0.0","T","26","","","","<31",""
"-105.14","69.11","CAMBRIDGE BAY A","2400600","1994-05-06","1994","05","06","","-10.9","","-14.7","","-12.8","","30.8","","0.0","","0.0","","0.0","T","0.0","T","26","","8","","56",""
"-105.14","69.11","CAMBRIDGE BAY A","2400600","1994-05-07","1994","05","07","","-11.9","","-18.9","","-15.4","","33.4","","0.0","","0.0","","4.8","","3.8","","27","","4","","56",""
"-105.14","69.11","CAMBRIDGE BAY A","2400600","1994-05-08","1994","05","08","","-12.6","","-20.5","","-16.6","","34.6","","0.0","","0.0","","0.0","T","0.0","T","30","","","","<31",""
"-105.14","69.11","CAMBRIDGE BAY A","2400600","1994-05-09","1994","05","09","","-15.2","","-22.2","","-18.7","","36.7","","0.0","","0.0","","0.0","T","0.0","T","28","","","","<31",""
"-105.14","69.11","CAMBRIDGE BAY A","2400600","1994-05-10","1994","05","10","","-13.4","","-23.5","","-18.5","","36.5","","0.0","","0.0","","0.0","T","0.0","T","28","","","","<31",""
"-105.14","69.11","CAMBRIDGE BAY A","2400600","1994-05-11","1994","05","11","","-12.9","","-22.9","","-17.9","","35.9","","0.0","","0.0","","0.0","","0.0","","28","","","","<31",""
"-105.14","69.11","CAMBRIDGE BAY A","2400600","1994-05-12","1994","05","12","","-9.5","","-22.7","","-16.1","","34.1","","0.0","","0.0","","0.0","","0.0","","28","","","","<31",""
"-105.14","69.11","CAMBRIDGE BAY A","2400600","1994-05-13","1994","05","13","","-11.6","","-21.2","","-16.4","","34.4","","0.0","","0.0","","0.4","","0.2","","28","","","","<31",""
"-105.14","69.11","CAMBRIDGE BAY A","2400600","1994-05-14","1994","05","14","","-9.6","","-13.7","","-11.7","","29.7","","0.0","","0.0","","0.2","","0.0","T","28","","","","<31",""
"-105.14","69.11","CAMBRIDGE BAY A","2400600","1994-05-15","1994","05","15","","-5.9","","-17.2","","-11.6","","29.6","","0.0","","0.0","","0.4","","0.2","","28","","","","<31",""
"-105.14","69.11","CAMBRIDGE BAY A","2400600","1994-05-16","1994","05","16","","-6.5","","-11.3","","-8.9","","26.9","","0.0","","0.0","","0.0","","0.0","","29","","27","","50",""
"-105.14","69.11","CAMBRIDGE BAY A","2400600","1994-05-17","1994","05","17","","-6.8","","-15.2","","-11.0","","29.0","","0.0","","0.0","","0.0","T","0.0","T","29","","","","<31",""
"-105.14","69.11","CAMBRIDGE BAY A","2400600","1994-05-18","1994","05","18","","-4.1","","-16.7","","-10.4","","28.4","","0.0","","0.0","T","0.0","T","0.0","T","29","","","","<31",""
"-105.14","69.11","CAMBRIDGE BAY A","2400600","1994-05-19","1994","05","19","","-3.2","","-9.6","","-6.4","","24.4","","0.0","","0.0","T","0.0","","0.0","T","29","","","","<31",""
"-105.14","69.11","CAMBRIDGE BAY A","2400600","1994-05-20","1994","05","20","","-3.9","","-14.8","","-9.4","","27.4","","0.0","","0.0","","0.0","","0.0","","29","","8","","33",""
"-105.14","69.11","CAMBRIDGE BAY A","2400600","1994-05-21","1994","05","21","","0.4","","-13.8","","-6.7","","24.7","","0.0","","0.0","T","0.0","","0.0","T","28","","11","","37",""
"-105.14","69.11","CAMBRIDGE BAY A","2400600","1994-05-22","1994","05","22","","-0.2","","-7.9","","-4.1","","22.1","","0.0","","0.0","","0.0","","0.0","","27","","","","<31",""
"-105.14","69.11","CAMBRIDGE BAY A","2400600","1994-05-23","1994","05","23","","1.5","","-6.0","","-2.3","","20.3","","0.0","","0.0","","0.0","","0.0","","25","","","","<31",""
"-105.14","69.11","CAMBRIDGE BAY A","2400600","1994-05-24","1994","05","24","","4.5","","-5.8","","-0.7","","18.7","","0.0","","0.0","","0.0","","0.0","","25","","","","<31",""
"-105.14","69.11","CAMBRIDGE BAY A","2400600","1994-05-25","1994","05","25","","3.4","","-2.4","","0.5","","17.5","","0.0","","0.0","","0.0","","0.0","","18","","","","<31",""
"-105.14","69.11","CAMBRIDGE BAY A","2400600","1994-05-26","1994","05","26","","5.4","","1.1","","3.3","","14.7","","0.0","","0.0","","0.0","","0.0","","10","","","","<31",""
"-105.14","69.11","CAMBRIDGE BAY A","2400600","1994-05-27","1994","05","27","","11.5","","0.8","","6.2","","11.8","","0.0","","0.0","","0.0","","0.0","","9","","","","<31",""
"-105.14","69.11","CAMBRIDGE BAY A","2400600","1994-05-28","1994","05","28","","5.5","","0.8","","3.2","","14.8","","0.0","","1.0","","0.0","","1.0","","5","","14","","57",""
"-105.14","69.11","CAMBRIDGE BAY A","2400600","1994-05-29","1994","05","29","","3.6","","-0.8","","1.4","","16.6","","0.0","","0.0","","0.0","","0.0","","4","","23","","96",""
"-105.14","69.11","CAMBRIDGE BAY A","2400600","1994-05-30","1994","05","30","","0.9","","-1.8","","-0.5","","18.5","","0.0","","0.0","","0.0","","0.0","","4","","26","","82",""
"-105.14","69.11","CAMBRIDGE BAY A","2400600","1994-05-31","1994","05","31","","2.2","","-1.4","","0.4","","17.6","","0.0","","0.0","","0.0","","0.0","","4","","","","<31",""
"-105.14","69.11","CAMBRIDGE BAY A","2400600","1994-06-01","1994","06","01","","1.9","","-0.4","","0.8","","17.2","","0.0","","0.0","T","1.4","","1.4","","5","","4","","37","E"
"-105.14","69.11","CAMBRIDGE BAY A","2400600","1994-06-02","1994","06","02","","3.2","","-1.9","","0.7","","17.3","","0.0","","8.6","","0.0","","8.6","","4","","12","","57","E"
"-105.14","69.11","CAMBRIDGE BAY A","2400600","1994-06-03","1994","06","03","","3.3","","0.5","","1.9","","16.1","","0.0","","1.8","","0.0","T","1.8","","2","","12","","52","E"
"-105.14","69.11","CAMBRIDGE BAY A","2400600","1994-06-04","1994","06","04","","5.2","","0.6","","2.9","","15.1","","0.0","","0.0","T","0.6","","0.6","","1","","32","","59","E"
"-105.14","69.11","CAMBRIDGE BAY A","2400600","1994-06-05","1994","06","05","","6.4","","0.6","","3.5","","14.5","","0.0","","0.0","T","0.0","","0.0","T","0","T","","","<31",""
"-105.14","69.11","CAMBRIDGE BAY A","2400600","1994-06-06","1994","06","06","","11.0","","1.3","","6.2","","11.8","","0.0","","4.0","","0.0","","4.0","","0","T","","","<31",""
"-105.14","69.11","CAMBRIDGE BAY A","2400600","1994-06-07","1994","06","07","","5.6","","1.7","","3.7","","14.3","","0.0","","0.0","T","0.0","","0.0","T","0","T","33","","32","E"
"-105.14","69.11","CAMBRIDGE BAY A","2400600","1994-06-08","1994","06","08","","4.4","","1.1","","2.8","","15.2","","0.0","","2.6","","0.0","","2.6","","0","T","11","","56","E"
"-105.14","69.11","CAMBRIDGE BAY A","2400600","1994-06-09","1994","06","09","","7.7","","1.5","","4.6","","13.4","","0.0","","0.4","","0.0","","0.4","","0","T","35","","39","E"
"-105.14","69.11","CAMBRIDGE BAY A","2400600","1994-06-10","1994","06","10","","1.7","","-1.6","","0.1","","17.9","","0.0","","0.0","T","0.0","T","0.0","T","0","T","34","","50","E"
"-105.14","69.11","CAMBRIDGE BAY A","2400600","1994-06-11","1994","06","11","","0.1","","-2.2","","-1.1","","19.1","","0.0","","0.0","","0.4","","0.0","T","0","T","36","","65","E"
"-105.14","69.11","CAMBRIDGE BAY A","2400600","1994-06-12","1994","06","12","","2.6","","-1.4","","0.6","","17.4","","0.0","","0.0","T","0.0","T","0.0","T","0","T","36","","41","E"
"-105.14","69.11","CAMBRIDGE BAY A","2400600","1994-06-13","1994","06","13","","4.9","","-1.7","","1.6","","16.4","","0.0","","0.0","","0.0","T","0.0","T","0","T","","","<31",""
"-105.14","69.11","CAMBRIDGE BAY A","2400600","1994-06-14","1994","06","14","","5.9","","-0.6","","2.7","","15.3","","0.0","","0.0","T","0.0","","0.0","T","0","T","","","<31",""
"-105.14","69.11","CAMBRIDGE BAY A","2400600","1994-06-15","1994","06","15","","9.0","","2.2","","5.6","","12.4","","0.0","","0.0","","0.0","","0.0","","0","T","","","<31",""
"-105.14","69.11","CAMBRIDGE BAY A","2400600","1994-06-16","1994","06","16","","14.2","","1.9","","8.1","","9.9","","0.0","","0.0","","0.0","","0.0","","0","T","","","<31",""
"-105.14","69.11","CAMBRIDGE BAY A","2400600","1994-06-17","1994","06","17","","16.2","","3.6","","9.9","","8.1","","0.0","","0.0","","0.0","","0.0","","0","T","27","","44","E"
"-105.14","69.11","CAMBRIDGE BAY A","2400600","1994-06-18","1994","06","18","","8.0","","4.3","","6.2","","11.8","","0.0","","4.0","","0.0","","4.0","","0","T","","","<31",""
"-105.14","69.11","CAMBRIDGE BAY A","2400600","1994-06-19","1994","06","19","","10.9","","1.4","","6.2","","11.8","","0.0","","0.0","","0.0","","0.0","","0","T","16","","43","E"
"-105.14","69.11","CAMBRIDGE BAY A","2400600","1994-06-20","1994","06","20","","7.1","","2.4","","4.8","","13.2","","0.0","","0.8","","0.0","","0.8","","0","T","16","","50","E"
"-105.14","69.11","CAMBRIDGE BAY A","2400600","1994-06-21","1994","06","21","","6.8","","1.7","","4.3","","13.7","","0.0","","0.0","T","0.0","","0.0","T","0","T","","","<31",""
"-105.14","69.11","CAMBRIDGE BAY A","2400600","1994-06-22","1994","06","22","","6.3","","1.1","","3.7","","14.3","","0.0","","0.0","T","0.0","","0.0","T","0","","26","","33","E"
"-105.14","69.11","CAMBRIDGE BAY A","2400600","1994-06-23","1994","06","23","","5.2","","0.5","","2.9","","15.1","","0.0","","0.2","","0.0","T","0.2","","0","","29","","46","E"
"-105.14","69.11","CAMBRIDGE BAY A","2400600","1994-06-24","1994","06","24","","3.0","","0.4","","1.7","","16.3","","0.0","","0.0","","0.0","T","0.0","T","0","","","","<31",""
"-105.14","69.11","CAMBRIDGE BAY A","2400600","1994-06-25","1994","06","25","","6.1","","0.0","","3.1","","14.9","","0.0","","0.2","","0.0","","0.2","","0","","26","","35","E"
"-105.14","69.11","CAMBRIDGE BAY A","2400600","1994-06-26","1994","06","26","","9.1","","1.3","","5.2","","12.8","","0.0","","0.0","T","0.0","","0.0","T","0","","","","<31",""
"-105.14","69.11","CAMBRIDGE BAY A","2400600","1994-06-27","1994","06","27","","9.2","","2.8","","6.0","","12.0","","0.0","","0.4","","0.0","","0.4","","0","","32","","37","E"
"-105.14","69.11","CAMBRIDGE BAY A","2400600","1994-06-28","1994","06","28","","7.6","","1.5","","4.6","","13.4","","0.0","","0.0","T","0.0","","0.0","T","0","","31","","44","E"
"-105.14","69.11","CAMBRIDGE BAY A","2400600","1994-06-29","1994","06","29","","5.3","","3.0","","4.2","","13.8","","0.0","","0.0","T","0.0","","0.0","T","0","","35","","44","E"
"-105.14","69.11","CAMBRIDGE BAY A","2400600","1994-06-30","1994","06","30","","7.1","","2.0","","4.6","","13.4","","0.0","","0.0","T","0.0","","0.0","T","0","","36","","54","E"
"-105.14","69.11","CAMBRIDGE BAY A","2400600","1994-07-01","1994","07","01","","7.3","","1.5","","4.4","","13.6","","0.0","","0.0","T","0.0","","0.0","T","0","","1","","32","E"
"-105.14","69.11","CAMBRIDGE BAY A","2400600","1994-07-02","1994","07","02","","11.4","","3.0","","7.2","","10.8","","0.0","","0.0","","0.0","","0.0","","0","","","","<31",""
"-105.14","69.11","CAMBRIDGE BAY A","2400600","1994-07-03","1994","07","03","","13.3","","3.1","","8.2","","9.8","","0.0","","0.0","","0.0","","0.0","","0","","13","","37","E"
"-105.14","69.11","CAMBRIDGE BAY A","2400600","1994-07-04","1994","07","04","","19.8","","6.2","","13.0","","5.0","","0.0","","0.0","","0.0","","0.0","","0","","","","<31",""
"-105.14","69.11","CAMBRIDGE BAY A","2400600","1994-07-05","1994","07","05","","15.9","","9.9","","12.9","","5.1","","0.0","","0.0","","0.0","","0.0","","0","","","","<31",""
"-105.14","69.11","CAMBRIDGE BAY A","2400600","1994-07-06","1994","07","06","","22.2","","9.8","","16.0","","2.0","","0.0","","0.0","","0.0","","0.0","","0","","","","<31",""
"-105.14","69.11","CAMBRIDGE BAY A","2400600","1994-07-07","1994","07","07","","22.1","","8.2","","15.2","","2.8","","0.0","","0.0","","0.0","","0.0","","0","","14","","46","E"
"-105.14","69.11","CAMBRIDGE BAY A","2400600","1994-07-08","1994","07","08","","21.0","","7.0","","14.0","","4.0","","0.0","","0.0","","0.0","","0.0","","0","","13","","44","E"
"-105.14","69.11","CAMBRIDGE BAY A","2400600","1994-07-09","1994","07","09","","19.0","","7.4","","13.2","","4.8","","0.0","","0.0","","0.0","","0.0","","0","","13","","46","E"
"-105.14","69.11","CAMBRIDGE BAY A","2400600","1994-07-10","1994","07","10","","19.4","","7.2","","13.3","","4.7","","0.0","","0.0","","0.0","","0.0","","0","","","","<31",""
"-105.14","69.11","CAMBRIDGE BAY A","2400600","1994-07-11","1994","07","11","","14.7","","8.8","","11.8","","6.2","","0.0","","0.0","","0.0","","0.0","","0","","33","","37","E"
"-105.14","69.11","CAMBRIDGE BAY A","2400600","1994-07-12","1994","07","12","","11.6","","7.8","","9.7","","8.3","","0.0","","0.0","","0.0","","0.0","","0","","31","","56","E"
"-105.14","69.11","CAMBRIDGE BAY A","2400600","1994-07-13","1994","07","13","","16.9","","6.6","","11.8","","6.2","","0.0","","0.0","","0.0","","0.0","","0","","32","","63","E"
"-105.14","69.11","CAMBRIDGE BAY A","2400600","1994-07-14","1994","07","14","","11.1","","4.2","","7.7","","10.3","","0.0","","0.0","T","0.0","","0.0","T","0","","1","","54","E"
"-105.14","69.11","CAMBRIDGE BAY A","2400600","1994-07-15","1994","07","15","","14.2","","3.3","","8.8","","9.2","","0.0","","0.0","","0.0","","0.0","","0","","27","","46","E"
"-105.14","69.11","CAMBRIDGE BAY A","2400600","1994-07-16","1994","07","16","","14.7","","6.4","","10.6","","7.4","","0.0","","0.0","","0.0","","0.0","","0","","","","<31",""
"-105.14","69.11","CAMBRIDGE BAY A","2400600","1994-07-17","1994","07","17","","9.6","","3.9","","6.8","","11.2","","0.0","","0.0","","0.0","","0.0","","0","","35","","78","E"
"-105.14","69.11","CAMBRIDGE BAY A","2400600","1994-07-18","1994","07","18","","12.0","","4.0","","8.0","","10.0","","0.0","","0.0","","0.0","","0.0","","0","","","","<31",""
"-105.14","69.11","CAMBRIDGE BAY A","2400600","1994-07-19","1994","07","19","","18.9","","5.1","","12.0","","6.0","","0.0","","0.0","","0.0","","0.0","","0","","17","","41","E"
"-105.14","69.11","CAMBRIDGE BAY A","2400600","1994-07-20","1994","07","20","","15.4","","7.4","","11.4","","6.6","","0.0","","8.2","","0.0","","8.2","","0","","27","","46","E"
"-105.14","69.11","CAMBRIDGE BAY A","2400600","1994-07-21","1994","07","21","","17.2","","4.9","","11.1","","6.9","","0.0","","0.0","","0.0","","0.0","","0","","25","","33","E"
"-105.14","69.11","CAMBRIDGE BAY A","2400600","1994-07-22","1994","07","22","","14.2","","7.6","","10.9","","7.1","","0.0","","0.0","T","0.0","","0.0","T","0","","35","","52","E"
"-105.14","69.11","CAMBRIDGE BAY A","2400600","1994-07-23","1994","07","23","","16.0","","4.8","","10.4","","7.6","","0.0","","0.0","","0.0","","0.0","","0","","","","<31",""
"-105.14","69.11","CAMBRIDGE BAY A","2400600","1994-07-24","1994","07","24","","20.8","","8.6","","14.7","","3.3","","0.0","","0.0","","0.0","","0.0","","0","","","","<31",""
"-105.14","69.11","CAMBRIDGE BAY A","2400600","1994-07-25","1994","07","25","","21.8","","9.0","","15.4","","2.6","","0.0","","0.0","","0.0","","0.0","","0","","31","","52","E"
"-105.14","69.11","CAMBRIDGE BAY A","2400600","1994-07-26","1994","07","26","","12.9","","7.0","","10.0","","8.0","","0.0","","0.0","","0.0","","0.0","","0","","30","","67","E"
"-105.14","69.11","CAMBRIDGE BAY A","2400600","1994-07-27","1994","07","27","","10.2","","4.5","","7.4","","10.6","","0.0","","0.0","T","0.0","","0.0","T","0","","32","","33","E"
"-105.14","69.11","CAMBRIDGE BAY A","2400600","1994-07-28","1994","07","28","","13.2","","5.9","","9.6","","8.4","","0.0","","0.0","T","0.0","","0.0","T","0","","32","","70","E"
"-105.14","69.11","CAMBRIDGE BAY A","2400600","1994-07-29","1994","07","29","","8.8","","4.2","","6.5","","11.5","","0.0","","0.0","T","0.0","","0.0","T","0","","34","","67","E"
"-105.14","69.11","CAMBRIDGE BAY A","2400600","1994-07-30","1994","07","30","","11.0","","3.0","","7.0","","11.0","","0.0","","0.0","T","0.0","","0.0","T","0","","36","","48","E"
"-105.14","69.11","CAMBRIDGE BAY A","2400600","1994-07-31","1994","07","31","","12.0","","3.2","","7.6","","10.4","","0.0","","0.0","T","0.0","","0.0","T","0","","","","<31",""
"-105.14","69.11","CAMBRIDGE BAY A","2400600","1994-08-01","1994","08","01","","10.2","","5.1","","7.7","","10.3","","0.0","","0.0","T","0.0","","0.0","T","0","","1","","52","E"
"-105.14","69.11","CAMBRIDGE BAY A","2400600","1994-08-02","1994","08","02","","11.5","","4.3","","7.9","","10.1","","0.0","","0.0","","0.0","","0.0","","0","","35","","52","E"
"-105.14","69.11","CAMBRIDGE BAY A","2400600","1994-08-03","1994","08","03","","14.8","","3.7","","9.3","","8.7","","0.0","","0.0","","0.0","","0.0","","0","","","","<31",""
"-105.14","69.11","CAMBRIDGE BAY A","2400600","1994-08-04","1994","08","04","","17.0","","8.1","","12.6","","5.4","","0.0","","1.6","","0.0","","1.6","","0","","3","","50","E"
"-105.14","69.11","CAMBRIDGE BAY A","2400600","1994-08-05","1994","08","05","","9.1","","4.0","","6.6","","11.4","","0.0","","0.2","","0.0","","0.2","","0","","35","","65","E"
"-105.14","69.11","CAMBRIDGE BAY A","2400600","1994-08-06","1994","08","06","","12.0","","3.9","","8.0","","10.0","","0.0","","0.0","T","0.0","","0.0","T","0","","35","","46","E"
"-105.14","69.11","CAMBRIDGE BAY A","2400600","1994-08-07","1994","08","07","","13.2","","5.7","","9.5","","8.5","","0.0","","0.0","","0.0","","0.0","","0","","","","<31",""
"-105.14","69.11","CAMBRIDGE BAY A","2400600","1994-08-08","1994","08","08","","11.0","","4.4","","7.7","","10.3","","0.0","","0.0","T","0.0","","0.0","T","0","","1","","33","E"
"-105.14","69.11","CAMBRIDGE BAY A","2400600","1994-08-09","1994","08","09","","11.7","","3.0","","7.4","","10.6","","0.0","","0.2","","0.0","","0.2","","0","","","","<31",""
"-105.14","69.11","CAMBRIDGE BAY A","2400600","1994-08-10","1994","08","10","","11.3","","7.7","","9.5","","8.5","","0.0","","0.2","","0.0","","0.2","","0","","","","<31",""
"-105.14","69.11","CAMBRIDGE BAY A","2400600","1994-08-11","1994","08","11","","11.3","","5.3","","8.3","","9.7","","0.0","","0.0","T","0.0","","0.0","T","0","","5","","33","E"
"-105.14","69.11","CAMBRIDGE BAY A","2400600","1994-08-12","1994","08","12","","14.1","","5.1","","9.6","","8.4","","0.0","","0.0","","0.0","","0.0","","0","","16","","41","E"
"-105.14","69.11","CAMBRIDGE BAY A","2400600","1994-08-13","1994","08","13","","14.9","","9.0","","12.0","","6.0","","0.0","","0.0","","0.0","","0.0","","0","","35","","56","E"
"-105.14","69.11","CAMBRIDGE BAY A","2400600","1994-08-14","1994","08","14","","14.4","","9.1","","11.8","","6.2","","0.0","","0.2","","0.0","","0.2","","0","","","","<31",""
"-105.14","69.11","CAMBRIDGE BAY A","2400600","1994-08-15","1994","08","15","","12.6","","7.1","","9.9","","8.1","","0.0","","0.4","","0.0","","0.4","","0","","26","","41","E"
"-105.14","69.11","CAMBRIDGE BAY A","2400600","1994-08-16","1994","08","16","","11.3","","7.2","","9.3","","8.7","","0.0","","0.2","","0.0","","0.2","","0","","31","","33","E"
"-105.14","69.11","CAMBRIDGE BAY A","2400600","1994-08-17","1994","08","17","","10.6","","5.8","","8.2","","9.8","","0.0","","0.4","","0.0","","0.4","","0","","17","","39","E"
"-105.14","69.11","CAMBRIDGE BAY A","2400600","1994-08-18","1994","08","18","","12.6","","7.9","","10.3","","7.7","","0.0","","1.6","","0.0","T","1.6","","0","","30","","32","E"
"-105.14","69.11","CAMBRIDGE BAY A","2400600","1994-08-19","1994","08","19","","10.1","","4.8","","7.5","","10.5","","0.0","","1.6","","0.0","","1.6","","0","","33","","76","E"
"-105.14","69.11","CAMBRIDGE BAY A","2400600","1994-08-20","1994","08","20","","10.0","","3.5","","6.8","","11.2","","0.0","","0.0","","0.0","","0.0","","0","","30","","56",""
"-105.14","69.11","CAMBRIDGE BAY A","2400600","1994-08-21","1994","08","21","","11.8","","4.7","","8.3","","9.7","","0.0","","0.0","T","0.0","","0.0","T","0","","12","","46","E"
"-105.14","69.11","CAMBRIDGE BAY A","2400600","1994-08-22","1994","08","22","","10.2","","4.8","","7.5","","10.5","","0.0","","3.2","","0.0","","3.2","","0","","13","","69","E"
"-105.14","69.11","CAMBRIDGE BAY A","2400600","1994-08-23","1994","08","23","","11.8","","6.5","","9.2","","8.8","","0.0","","0.0","T","0.0","","0.0","T","0","","12","","56","E"
"-105.14","69.11","CAMBRIDGE BAY A","2400600","1994-08-24","1994","08","24","","8.6","","7.3","","8.0","","10.0","","0.0","","4.8","","0.0","","4.8","","0","","","","<31",""
"-105.14","69.11","CAMBRIDGE BAY A","2400600","1994-08-25","1994","08","25","","7.6","","3.8","","5.7","","12.3","","0.0","","0.2","","0.0","","0.2","","0","","32","","46","E"
"-105.14","69.11","CAMBRIDGE BAY A","2400600","1994-08-26","1994","08","26","","5.6","","3.0","","4.3","","13.7","","0.0","","0.6","","0.0","","0.6","","0","","32","","44","E"
"-105.14","69.11","CAMBRIDGE BAY A","2400600","1994-08-27","1994","08","27","","8.0","","1.6","","4.8","","13.2","","0.0","","0.2","","0.0","","0.2","","0","","","","<31",""
"-105.14","69.11","CAMBRIDGE BAY A","2400600","1994-08-28","1994","08","28","","12.8","","1.1","","7.0","","11.0","","0.0","","0.0","","0.0","","0.0","","0","","17","","37","E"
"-105.14","69.11","CAMBRIDGE BAY A","2400600","1994-08-29","1994","08","29","","9.9","","2.0","","6.0","","12.0","","0.0","","0.0","T","0.0","","0.0","T","0","","4","","48","E"
"-105.14","69.11","CAMBRIDGE BAY A","2400600","1994-08-30","1994","08","30","","2.1","","-1.3","","0.4","","17.6","","0.0","","0.0","","5.0","","5.0","","0","","6","","54","E"
"-105.14","69.11","CAMBRIDGE BAY A","2400600","1994-08-31","1994","08","31","","1.6","","-3.5","","-1.0","","19.0","","0.0","","0.0","","0.0","T","0.0","T","4","","4","","59","E"
"-105.14","69.11","CAMBRIDGE BAY A","2400600","1994-09-01","1994","09","01","","10.8","","1.2","","6.0","","12.0","","0.0","","0.2","","0.0","","0.2","","0","T","17","","46","E"
"-105.14","69.11","CAMBRIDGE BAY A","2400600","1994-09-02","1994","09","02","","5.2","","1.6","","3.4","","14.6","","0.0","","0.0","T","0.0","","0.0","T","0","T","12","","33","E"
"-105.14","69.11","CAMBRIDGE BAY A","2400600","1994-09-03","1994","09","03","","5.8","","2.6","","4.2","","13.8","","0.0","","0.0","T","0.0","","0.0","T","0","","12","","33","E"
"-105.14","69.11","CAMBRIDGE BAY A","2400600","1994-09-04","1994","09","04","","4.9","","1.3","","3.1","","14.9","","0.0","","0.0","T","0.0","","0.0","T","0","","4","","32","E"
"-105.14","69.11","CAMBRIDGE BAY A","2400600","1994-09-05","1994","09","05","","3.7","","-0.3","","1.7","","16.3","","0.0","","0.0","","0.0","T","0.0","T","0","","","","<31",""
"-105.14","69.11","CAMBRIDGE BAY A","2400600","1994-09-06","1994","09","06","","6.4","","-0.4","","3.0","","15.0","","0.0","","0.0","","0.0","","0.0","","0","","","","<31",""
"-105.14","69.11","CAMBRIDGE BAY A","2400600","1994-09-07","1994","09","07","","6.4","","4.0","","5.2","","12.8","","0.0","","0.0","","0.0","","0.0","","0","","","","<31",""
"-105.14","69.11","CAMBRIDGE BAY A","2400600","1994-09-08","1994","09","08","","11.7","","4.4","","8.1","","9.9","","0.0","","0.8","","0.0","","0.8","","0","","18","","33","E"
"-105.14","69.11","CAMBRIDGE BAY A","2400600","1994-09-09","1994","09","09","","7.7","","0.1","","3.9","","14.1","","0.0","","0.0","T","0.0","","0.0","T","0","","3","","63","E"
"-105.14","69.11","CAMBRIDGE BAY A","2400600","1994-09-10","1994","09","10","","0.2","","-3.3","","-1.6","","19.6","","0.0","","0.0","","0.2","","0.0","T","0","T","4","","65","E"
"-105.14","69.11","CAMBRIDGE BAY A","2400600","1994-09-11","1994","09","11","","-1.6","","-4.1","","-2.9","","20.9","","0.0","","0.0","T","0.0","T","0.0","T","0","","2","","70","E"
"-105.14","69.11","CAMBRIDGE BAY A","2400600","1994-09-12","1994","09","12","","1.4","","-3.9","","-1.3","","19.3","","0.0","","0.0","","0.0","T","0.0","T","0","","36","","67","E"
"-105.14","69.11","CAMBRIDGE BAY A","2400600","1994-09-13","1994","09","13","","2.8","","-3.6","","-0.4","","18.4","","0.0","","0.0","","0.0","T","0.0","T","0","","14","","37","E"
"-105.14","69.11","CAMBRIDGE BAY A","2400600","1994-09-14","1994","09","14","","0.9","","-2.1","","-0.6","","18.6","","0.0","","0.0","","3.4","","2.2","","3","","9","","61","E"
"-105.14","69.11","CAMBRIDGE BAY A","2400600","1994-09-15","1994","09","15","","0.2","","-4.0","","-1.9","","19.9","","0.0","","0.0","","0.2","","0.2","","2","","11","","35","E"
"-105.14","69.11","CAMBRIDGE BAY A","2400600","1994-09-16","1994","09","16","","4.8","","-0.6","","2.1","","15.9","","0.0","","2.8","","0.0","T","2.8","","1","","15","","72","E"
"-105.14","69.11","CAMBRIDGE BAY A","2400600","1994-09-17","1994","09","17","","3.7","","-1.4","","1.2","","16.8","","0.0","","0.0","T","0.0","T","0.0","T","0","T","32","","46","E"
"-105.14","69.11","CAMBRIDGE BAY A","2400600","1994-09-18","1994","09","18","","-0.9","","-6.5","","-3.7","","21.7","","0.0","","0.0","","4.6","","4.0","","0","T","4","","63","E"
"-105.14","69.11","CAMBRIDGE BAY A","2400600","1994-09-19","1994","09","19","","-6.0","","-9.8","","-7.9","","25.9","","0.0","","0.0","","0.0","","0.0","","4","","1","","50","E"
"-105.14","69.11","CAMBRIDGE BAY A","2400600","1994-09-20","1994","09","20","","-3.6","","-8.9","","-6.3","","24.3","","0.0","","0.0","","0.0","","0.0","","3","","","","<31",""
"-105.14","69.11","CAMBRIDGE BAY A","2400600","1994-09-21","1994","09","21","","1.1","","-4.3","","-1.6","","19.6","","0.0","","0.0","","0.0","T","0.0","T","3","","16","","56","E"
"-105.14","69.11","CAMBRIDGE BAY A","2400600","1994-09-22","1994","09","22","","1.9","","0.5","","1.2","","16.8","","0.0","","0.0","T","0.0","T","0.0","T","3","","16","","46","E"
"-105.14","69.11","CAMBRIDGE BAY A","2400600","1994-09-23","1994","09","23","","2.2","","0.2","","1.2","","16.8","","0.0","","2.2","","0.0","T","2.2","","1","","28","","43","E"
"-105.14","69.11","CAMBRIDGE BAY A","2400600","1994-09-24","1994","09","24","","3.0","","-0.2","","1.4","","16.6","","0.0","","0.0","","0.0","T","0.0","T","0","T","29","","46","E"
"-105.14","69.11","CAMBRIDGE BAY A","2400600","1994-09-25","1994","09","25","","2.6","","0.3","","1.5","","16.5","","0.0","","4.4","","0.0","","4.4","","0","T","14","","74","E"
"-105.14","69.11","CAMBRIDGE BAY A","2400600","1994-09-26","1994","09","26","","2.7","","-5.5","","-1.4","","19.4","","0.0","","0.2","","0.0","T","0.2","","0","T","33","","89","E"
"-105.14","69.11","CAMBRIDGE BAY A","2400600","1994-09-27","1994","09","27","","1.5","","-6.2","","-2.4","","20.4","","0.0","","0.0","T","0.0","T","0.0","T","0","T","19","","63","E"
"-105.14","69.11","CAMBRIDGE BAY A","2400600","1994-09-28","1994","09","28","","0.9","","-7.1","","-3.1","","21.1","","0.0","","0.0","","0.2","","0.2","","0","T","","","<31",""
"-105.14","69.11","CAMBRIDGE BAY A","2400600","1994-09-29","1994","09","29","","0.2","","-7.7","","-3.8","","21.8","","0.0","","0.0","","0.0","T","0.0","T","0","T","","","<31",""
"-105.14","69.11","CAMBRIDGE BAY A","2400600","1994-09-30","1994","09","30","","0.0","","-8.2","","-4.1","","22.1","","0.0","","0.0","","0.8","","0.8","","0","T","","","<31",""
"-105.14","69.11","CAMBRIDGE BAY A","2400600","1994-10-01","1994","10","01","","0.4","","-5.2","","-2.4","","20.4","","0.0","","0.0","","2.2","","1.8","","1","","","","<31",""
"-105.14","69.11","CAMBRIDGE BAY A","2400600","1994-10-02","1994","10","02","","0.7","","-3.1","","-1.2","","19.2","","0.0","","0.0","T","0.0","T","0.0","T","3","","29","","32","E"
"-105.14","69.11","CAMBRIDGE BAY A","2400600","1994-10-03","1994","10","03","","2.5","","-0.8","","0.9","","17.1","","0.0","","3.4","","1.0","","4.4","","3","","17","","54","E"
"-105.14","69.11","CAMBRIDGE BAY A","2400600","1994-10-04","1994","10","04","","2.4","","-2.3","","0.1","","17.9","","0.0","","0.0","T","0.0","","0.0","T","0","T","27","","52","E"
"-105.14","69.11","CAMBRIDGE BAY A","2400600","1994-10-05","1994","10","05","","-1.1","","-3.5","","-2.3","","20.3","","0.0","","0.0","","0.0","T","0.0","T","0","T","36","","59","E"
"-105.14","69.11","CAMBRIDGE BAY A","2400600","1994-10-06","1994","10","06","","-3.4","","-12.0","","-7.7","","25.7","","0.0","","0.0","","0.0","T","0.0","T","0","T","35","","46","E"
"-105.14","69.11","CAMBRIDGE BAY A","2400600","1994-10-07","1994","10","07","","-8.6","","-12.2","","-10.4","","28.4","","0.0","","0.0","","0.0","T","0.0","T","0","T","21","","48","E"
"-105.14","69.11","CAMBRIDGE BAY A","2400600","1994-10-08","1994","10","08","","-9.8","","-13.4","","-11.6","","29.6","","0.0","","0.0","","0.0","T","0.0","T","0","T","6","","43","E"
"-105.14","69.11","CAMBRIDGE BAY A","2400600","1994-10-09","1994","10","09","","-6.6","","-12.4","","-9.5","","27.5","","0.0","","0.0","","0.0","","0.0","","0","T","","","<31",""
"-105.14","69.11","CAMBRIDGE BAY A","2400600","1994-10-10","1994","10","10","","-5.4","","-7.9","","-6.7","","24.7","","0.0","","0.0","","0.0","T","0.0","T","0","T","","","<31",""
"-105.14","69.11","CAMBRIDGE BAY A","2400600","1994-10-11","1994","10","11","","-3.1","","-5.7","","-4.4","","22.4","","0.0","","0.0","","0.0","T","0.0","T","0","T","","","<31",""
"-105.14","69.11","CAMBRIDGE BAY A","2400600","1994-10-12","1994","10","12","","-0.6","","-3.3","","-2.0","","20.0","","0.0","","0.0","","2.8","","2.4","","2","","8","","39",""
"-105.14","69.11","CAMBRIDGE BAY A","2400600","1994-10-13","1994","10","13","","-2.1","","-6.3","","-4.2","","22.2","","0.0","","0.0","T","0.8","","0.6","","4","","8","","59","E"
"-105.14","69.11","CAMBRIDGE BAY A","2400600","1994-10-14","1994","10","14","","-5.4","","-13.8","","-9.6","","27.6","","0.0","","0.0","","1.2","","1.2","","3","","5","","65","E"
"-105.14","69.11","CAMBRIDGE BAY A","2400600","1994-10-15","1994","10","15","","-10.0","","-13.7","","-11.9","","29.9","","0.0","","0.0","","0.2","","0.2","","4","","34","","37","E"
"-105.14","69.11","CAMBRIDGE BAY A","2400600","1994-10-16","1994","10","16","","-5.1","","-13.7","","-9.4","","27.4","","0.0","","0.0","","0.0","T","0.0","T","4","","","","<31",""
"-105.14","69.11","CAMBRIDGE BAY A","2400600","1994-10-17","1994","10","17","","-3.1","","-6.5","","-4.8","","22.8","","0.0","","0.0","","0.0","T","0.0","T","4","","11","","61","E"
"-105.14","69.11","CAMBRIDGE BAY A","2400600","1994-10-18","1994","10","18","","-1.4","","-4.2","","-2.8","","20.8","","0.0","","0.0","","2.8","","2.8","","5","","10","","67",""
"-105.14","69.11","CAMBRIDGE BAY A","2400600","1994-10-19","1994","10","19","","-4.1","","-8.6","","-6.4","","24.4","","0.0","","0.0","","0.0","T","0.0","T","7","","2","","63","E"
"-105.14","69.11","CAMBRIDGE BAY A","2400600","1994-10-20","1994","10","20","","-6.9","","-9.9","","-8.4","","26.4","","0.0","","0.0","","0.0","T","0.0","T","7","","33","","57","E"
"-105.14","69.11","CAMBRIDGE BAY A","2400600","1994-10-21","1994","10","21","","-4.0","","-11.9","","-8.0","","26.0","","0.0","","0.0","T","0.0","T","0.0","T","7","","2","","63","E"
"-105.14","69.11","CAMBRIDGE BAY A","2400600","1994-10-22","1994","10","22","","-8.9","","-18.5","","-13.7","","31.7","","0.0","","0.0","","0.0","","0.0","","6","","3","","44","E"
"-105.14","69.11","CAMBRIDGE BAY A","2400600","1994-10-23","1994","10","23","","-14.5","","-18.8","","-16.7","","34.7","","0.0","","0.0","","0.0","T","0.0","T","6","","","","<31",""
"-105.14","69.11","CAMBRIDGE BAY A","2400600","1994-10-24","1994","10","24","","-4.3","","-14.6","","-9.5","","27.5","","0.0","","0.0","","1.2","","1.0","","6","","","","<31",""
"-105.14","69.11","CAMBRIDGE BAY A","2400600","1994-10-25","1994","10","25","","-2.9","","-5.9","","-4.4","","22.4","","0.0","","0.0","","3.2","","3.0","","7","","12","","56","E"
"-105.14","69.11","CAMBRIDGE BAY A","2400600","1994-10-26","1994","10","26","","-2.1","","-4.5","","-3.3","","21.3","","0.0","","0.0","","6.6","","6.0","","11","","14","","63","E"
"-105.14","69.11","CAMBRIDGE BAY A","2400600","1994-10-27","1994","10","27","","-1.3","","-3.0","","-2.2","","20.2","","0.0","","0.0","T","3.0","","2.6","","18","","14","","52","E"
"-105.14","69.11","CAMBRIDGE BAY A","2400600","1994-10-28","1994","10","28","","-1.4","","-9.2","","-5.3","","23.3","","0.0","","0.0","T","0.0","T","0.0","T","17","","2","","54","E"
"-105.14","69.11","CAMBRIDGE BAY A","2400600","1994-10-29","1994","10","29","","-7.1","","-13.7","","-10.4","","28.4","","0.0","","0.0","T","0.0","T","0.0","T","16","","2","","57","E"
"-105.14","69.11","CAMBRIDGE BAY A","2400600","1994-10-30","1994","10","30","","-12.4","","-16.1","","-14.3","","32.3","","0.0","","0.0","","0.0","T","0.0","T","16","","","","<31",""
"-105.14","69.11","CAMBRIDGE BAY A","2400600","1994-10-31","1994","10","31","","-11.6","","-18.9","","-15.3","","33.3","","0.0","","0.0","","0.0","T","0.0","T","16","","","","<31",""
"-105.14","69.11","CAMBRIDGE BAY A","2400600","1994-11-01","1994","11","01","","-12.1","","-16.9","","-14.5","","32.5","","0.0","","0.0","","","M","","M","10","","","","",""
"-105.14","69.11","CAMBRIDGE BAY A","2400600","1994-11-02","1994","11","02","","-8.0","","-15.4","","-11.7","","29.7","","0.0","","0.0","","","M","","M","10","","","","",""
"-105.14","69.11","CAMBRIDGE BAY A","2400600","1994-11-03","1994","11","03","","-6.8","","-16.0","","-11.4","","29.4","","0.0","","0.0","","","M","","M","10","","","","",""
"-105.14","69.11","CAMBRIDGE BAY A","2400600","1994-11-04","1994","11","04","","-4.7","","-10.1","","-7.4","","25.4","","0.0","","0.0","","","M","","M","10","","","","",""
"-105.14","69.11","CAMBRIDGE BAY A","2400600","1994-11-05","1994","11","05","","-3.1","","-9.0","","-6.1","","24.1","","0.0","","0.0","","","M","","M","10","","","","",""
"-105.14","69.11","CAMBRIDGE BAY A","2400600","1994-11-06","1994","11","06","","-3.5","","-17.0","","-10.3","","28.3","","0.0","","0.0","","","M","","M","10","","","","",""
"-105.14","69.11","CAMBRIDGE BAY A","2400600","1994-11-07","1994","11","07","","-21.0","","-24.5","","-22.8","","40.8","","0.0","","0.0","","","M","","M","10","","","","",""
"-105.14","69.11","CAMBRIDGE BAY A","2400600","1994-11-08","1994","11","08","","-17.5","","-22.1","","-19.8","","37.8","","0.0","","0.0","","0.0","T","0.0","T","10","","","","",""
"-105.14","69.11","CAMBRIDGE BAY A","2400600","1994-11-09","1994","11","09","","-10.7","","-21.0","","-15.9","","33.9","","0.0","","0.0","","0.0","T","0.0","T","10","","","","",""
"-105.14","69.11","CAMBRIDGE BAY A","2400600","1994-11-10","1994","11","10","","-5.9","","-16.3","","-11.1","","29.1","","0.0","","0.0","","0.2","","0.2","","10","","","","",""
"-105.14","69.11","CAMBRIDGE BAY A","2400600","1994-11-11","1994","11","11","","-2.0","","-12.7","","-7.4","","25.4","","0.0","","0.0","","0.4","","0.4","","10","","","","",""
"-105.14","69.11","CAMBRIDGE BAY A","2400600","1994-11-12","1994","11","12","","-1.6","","-4.2","","-2.9","","20.9","","0.0","","0.0","","2.1","","1.9","","10","","","","",""
"-105.14","69.11","CAMBRIDGE BAY A","2400600","1994-11-13","1994","11","13","","-7.7","","-11.4","","-9.6","","27.6","","0.0","","0.0","","0.4","","0.4","","11","","","","",""
"-105.14","69.11","CAMBRIDGE BAY A","2400600","1994-11-14","1994","11","14","","-13.3","","-16.3","","-14.8","","32.8","","0.0","","0.0","","0.8","","0.8","","12","","","","",""
"-105.14","69.11","CAMBRIDGE BAY A","2400600","1994-11-15","1994","11","15","","-23.5","","-28.7","","-26.1","","44.1","","0.0","","0.0","","0.0","T","0.0","T","11","","","","",""
"-105.14","69.11","CAMBRIDGE BAY A","2400600","1994-11-16","1994","11","16","","-24.5","","-29.0","","-26.8","","44.8","","0.0","","0.0","","0.0","","0.0","","11","","","","",""
"-105.14","69.11","CAMBRIDGE BAY A","2400600","1994-11-17","1994","11","17","","-18.0","","-28.8","","-23.4","","41.4","","0.0","","0.0","","0.4","","0.4","","11","","","","",""
"-105.14","69.11","CAMBRIDGE BAY A","2400600","1994-11-18","1994","11","18","","-15.4","","-20.7","","-18.1","","36.1","","0.0","","0.0","","0.0","T","0.0","T","11","","","","",""
"-105.14","69.11","CAMBRIDGE BAY A","2400600","1994-11-19","1994","11","19","","-12.0","","-19.5","","-15.8","","33.8","","0.0","","0.0","","1.0","","1.0","","11","","","","",""
"-105.14","69.11","CAMBRIDGE BAY A","2400600","1994-11-20","1994","11","20","","-13.5","","-19.9","","-16.7","","34.7","","0.0","","0.0","","0.2","","0.2","","11","","","","",""
"-105.14","69.11","CAMBRIDGE BAY A","2400600","1994-11-21","1994","11","21","","-25.7","","-29.5","","-27.6","","45.6","","0.0","","0.0","","0.0","T","0.0","T","11","","","","",""
"-105.14","69.11","CAMBRIDGE BAY A","2400600","1994-11-22","1994","11","22","","-29.2","","-31.9","","-30.6","","48.6","","0.0","","0.0","","0.0","","0.0","","11","","","","",""
"-105.14","69.11","CAMBRIDGE BAY A","2400600","1994-11-23","1994","11","23","","-30.9","","-33.6","","-32.3","","50.3","","0.0","","0.0","","0.0","T","0.0","T","11","","","","",""
"-105.14","69.11","CAMBRIDGE BAY A","2400600","1994-11-24","1994","11","24","","-25.0","","-34.9","","-30.0","","48.0","","0.0","","0.0","","0.0","T","0.0","T","12","","","","",""
"-105.14","69.11","CAMBRIDGE BAY A","2400600","1994-11-25","1994","11","25","","-31.3","","-34.1","","-32.7","","50.7","","0.0","","0.0","","0.0","T","0.0","T","12","","","","",""
"-105.14","69.11","CAMBRIDGE BAY A","2400600","1994-11-26","1994","11","26","","-31.4","","-34.7","","-33.1","","51.1","","0.0","","0.0","","0.0","T","0.0","T","12","","","","",""
"-105.14","69.11","CAMBRIDGE BAY A","2400600","1994-11-27","1994","11","27","","-31.5","","-34.7","","-33.1","","51.1","","0.0","","0.0","","0.0","","0.0","","12","","","","",""
"-105.14","69.11","CAMBRIDGE BAY A","2400600","1994-11-28","1994","11","28","","-32.0","","-33.6","","-32.8","","50.8","","0.0","","0.0","","0.0","T","0.0","T","12","","","","",""
"-105.14","69.11","CAMBRIDGE BAY A","2400600","1994-11-29","1994","11","29","","-29.9","","-33.9","","-31.9","","49.9","","0.0","","0.0","","0.0","T","0.0","T","12","","","","",""
"-105.14","69.11","CAMBRIDGE BAY A","2400600","1994-11-30","1994","11","30","","-30.5","","-32.3","","-31.4","","49.4","","0.0","","0.0","","0.0","T","0.0","T","12","","","","",""
"-105.14","69.11","CAMBRIDGE BAY A","2400600","1994-12-01","1994","12","01","","-25.4","","-33.4","","-29.4","","47.4","","0.0","","0.0","","0.0","T","0.0","T","13","","","","",""
"-105.14","69.11","CAMBRIDGE BAY A","2400600","1994-12-02","1994","12","02","","-25.5","","-33.0","","-29.3","","47.3","","0.0","","0.0","","0.0","T","0.0","T","13","","","","",""
"-105.14","69.11","CAMBRIDGE BAY A","2400600","1994-12-03","1994","12","03","","-14.2","","-33.6","","-23.9","","41.9","","0.0","","0.0","","0.0","T","0.0","T","13","","","","",""
"-105.14","69.11","CAMBRIDGE BAY A","2400600","1994-12-04","1994","12","04","","-13.2","","-25.3","","-19.3","","37.3","","0.0","","0.0","","0.0","T","0.0","T","13","","","","",""
"-105.14","69.11","CAMBRIDGE BAY A","2400600","1994-12-05","1994","12","05","","-13.2","","-22.8","","-18.0","","36.0","","0.0","","0.0","","0.8","","0.8","","13","","","","",""
"-105.14","69.11","CAMBRIDGE BAY A","2400600","1994-12-06","1994","12","06","","-21.9","","-26.1","","-24.0","","42.0","","0.0","","0.0","","1.5","","1.5","","14","","","","",""
"-105.14","69.11","CAMBRIDGE BAY A","2400600","1994-12-07","1994","12","07","","-21.9","","-24.8","","-23.4","","41.4","","0.0","","0.0","","1.4","","1.4","","15","","","","",""
"-105.14","69.11","CAMBRIDGE BAY A","2400600","1994-12-08","1994","12","08","","-29.6","","-36.4","","-33.0","","51.0","","0.0","","0.0","","0.0","T","0.0","T","16","","","","",""
"-105.14","69.11","CAMBRIDGE BAY A","2400600","1994-12-09","1994","12","09","","-35.3","","-38.6","","-37.0","","55.0","","0.0","","0.0","","0.0","T","0.0","T","15","","","","",""
"-105.14","69.11","CAMBRIDGE BAY A","2400600","1994-12-10","1994","12","10","","-34.0","","-39.3","","-36.7","","54.7","","0.0","","0.0","","0.0","T","0.0","T","15","","","","",""
"-105.14","69.11","CAMBRIDGE BAY A","2400600","1994-12-11","1994","12","11","","-28.2","","-38.8","","-33.5","","51.5","","0.0","","0.0","","0.0","T","0.0","T","15","","","","",""
"-105.14","69.11","CAMBRIDGE BAY A","2400600","1994-12-12","1994","12","12","","-32.4","","-38.4","","-35.4","","53.4","","0.0","","0.0","","0.0","T","0.0","T","15","","","","",""
"-105.14","69.11","CAMBRIDGE BAY A","2400600","1994-12-13","1994","12","13","","-41.2","","-42.3","","-41.8","","59.8","","0.0","","0.0","","0.0","T","0.0","T","15","","","","",""
"-105.14","69.11","CAMBRIDGE BAY A","2400600","1994-12-14","1994","12","14","","-22.0","","-42.8","","-32.4","","50.4","","0.0","","0.0","","1.0","","1.0","","15","","","","",""
"-105.14","69.11","CAMBRIDGE BAY A","2400600","1994-12-15","1994","12","15","","-19.1","","-29.5","","-24.3","","42.3","","0.0","","0.0","","1.4","","1.4","","16","","","","",""
"-105.14","69.11","CAMBRIDGE BAY A","2400600","1994-12-16","1994","12","16","","-24.5","","-28.2","","-26.4","","44.4","","0.0","","0.0","","0.8","","0.8","","13","","","","",""
"-105.14","69.11","CAMBRIDGE BAY A","2400600","1994-12-17","1994","12","17","","-33.1","","-35.8","","-34.5","","52.5","","0.0","","0.0","","0.0","T","0.0","T","14","","","","",""
"-105.14","69.11","CAMBRIDGE BAY A","2400600","1994-12-18","1994","12","18","","-33.8","","-37.1","","-35.5","","53.5","","0.0","","0.0","","0.0","T","0.0","T","14","","","","",""
"-105.14","69.11","CAMBRIDGE BAY A","2400600","1994-12-19","1994","12","19","","-34.5","","-37.4","","-36.0","","54.0","","0.0","","0.0","","0.0","T","0.0","T","14","","","","",""
"-105.14","69.11","CAMBRIDGE BAY A","2400600","1994-12-20","1994","12","20","","-31.4","","-36.0","","-33.7","","51.7","","0.0","","0.0","","0.0","T","0.0","T","14","","","","",""
"-105.14","69.11","CAMBRIDGE BAY A","2400600","1994-12-21","1994","12","21","","-18.4","","-34.0","","-26.2","","44.2","","0.0","","0.0","","0.6","","0.6","","14","","","","",""
"-105.14","69.11","CAMBRIDGE BAY A","2400600","1994-12-22","1994","12","22","","-15.2","","-26.7","","-21.0","","39.0","","0.0","","0.0","","0.4","","0.2","","14","","","","",""
"-105.14","69.11","CAMBRIDGE BAY A","2400600","1994-12-23","1994","12","23","","-18.2","","-24.5","","-21.4","","39.4","","0.0","","0.0","","0.0","T","0.0","T","22","","","","",""
"-105.14","69.11","CAMBRIDGE BAY A","2400600","1994-12-24","1994","12","24","","-23.6","","-27.4","","-25.5","","43.5","","0.0","","0.0","","0.0","T","0.0","T","22","","","","",""
"-105.14","69.11","CAMBRIDGE BAY A","2400600","1994-12-25","1994","12","25","","-10.0","","-26.4","","-18.2","","36.2","","0.0","","0.0","","0.8","","0.8","","22","","","","",""
"-105.14","69.11","CAMBRIDGE BAY A","2400600","1994-12-26","1994","12","26","","-10.3","","-21.6","","-16.0","","34.0","","0.0","","0.0","","3.4","","3.4","","22","","","","",""
"-105.14","69.11","CAMBRIDGE BAY A","2400600","1994-12-27","1994","12","27","","-26.8","","-29.4","","-28.1","","46.1","","0.0","","0.0","","0.2","","0.2","","24","","","","",""
"-105.14","69.11","CAMBRIDGE BAY A","2400600","1994-12-28","1994","12","28","","-20.7","","-31.6","","-26.2","","44.2","","0.0","","0.0","","0.6","","0.6","","24","","","","",""
"-105.14","69.11","CAMBRIDGE BAY A","2400600","1994-12-29","1994","12","29","","-17.0","","-29.0","","-23.0","","41.0","","0.0","","0.0","","0.0","T","0.0","T","24","","","","",""
"-105.14","69.11","CAMBRIDGE BAY A","2400600","1994-12-30","1994","12","30","","-14.6","","-24.9","","-19.8","","37.8","","0.0","","0.0","","0.0","","0.0","","24","","","","",""
"-105.14","69.11","CAMBRIDGE BAY A","2400600","1994-12-31","1994","12","31","","-16.9","","-23.7","","-20.3","","38.3","","0.0","","0.0","","0.0","","0.0","","24","","","","",""
